id,first_name,last_name,email,gender,ip_address
1,Mannie,Stickney,mstickney0@opera.com,Male,243.210.194.214
2,Arleta,Barrable,abarrable1@squarespace.com,Female,197.176.249.19
3,Matias,Crathorne,mcrathorne2@wsj.com,Male,248.105.113.123
4,Randie,Ponting,rponting3@spotify.com,Bigender,68.144.51.31
5,Masha,Applin,mapplin4@mapy.cz,Female,108.8.69.76
6,Donetta,Niset,dniset5@yolasite.com,Female,211.25.50.222
7,Bertrando,Ledgeway,bledgeway6@theatlantic.com,Male,134.178.77.61
8,Weston,Korpolak,wkorpolak7@amazon.de,Male,188.154.77.74
9,Modesty,Basey,mbasey8@prnewswire.com,Female,125.115.202.147
10,Di,Olivia,dolivia9@berkeley.edu,Female,20.13.189.35
11,Giulia,Selcraig,gselcraiga@freewebs.com,Bigender,92.225.238.124
12,Brenden,Meldrum,bmeldrumb@wp.com,Male,25.177.117.223
13,Cassy,Leefe,cleefec@mysql.com,Female,185.142.5.116
14,Solly,Rozet,srozetd@ca.gov,Male,13.206.15.210
15,Gaylene,Towsey,gtowseye@reddit.com,Female,50.26.226.30
16,Doroteya,Scothorn,dscothornf@abc.net.au,Female,38.174.63.18
17,Ede,Boydell,eboydellg@auda.org.au,Female,156.210.12.202
18,Krista,Laudham,klaudhamh@barnesandnoble.com,Female,167.55.6.93
19,Abner,Ceaser,aceaseri@parallels.com,Male,88.193.153.134
20,Mariana,McKern,mmckernj@usatoday.com,Female,19.249.37.35
21,Cole,Larchiere,clarchierek@163.com,Male,45.105.95.240
22,Anthia,Manners,amannersl@bloglines.com,Female,224.27.207.176
23,Clarine,Skeleton,cskeletonm@redcross.org,Female,151.108.208.51
24,Martin,Wiltshier,mwiltshiern@cloudflare.com,Male,222.222.51.55
25,Stesha,Eye,seyeo@histats.com,Female,55.143.71.127
26,Candy,Giacopelo,cgiacopelop@virginia.edu,Female,192.202.161.150
27,Welch,Djekovic,wdjekovicq@cafepress.com,Male,131.231.151.40
28,Marcelle,Quinnet,mquinnetr@yandex.ru,Female,1.221.103.192
29,Dav,Donnison,ddonnisons@imdb.com,Male,114.4.222.31
30,Arliene,Dupre,adupret@ebay.co.uk,Female,162.175.146.253
31,Park,Freemantle,pfreemantleu@list-manage.com,Male,123.235.210.0
32,Wilden,Durdy,wdurdyv@icio.us,Male,66.120.126.208
33,Tybi,Beeden,tbeedenw@salon.com,Female,54.29.65.179
34,Artur,Sugars,asugarsx@nba.com,Male,15.198.143.31
35,Leilah,Sands,lsandsy@163.com,Female,35.32.104.6
36,Stephana,Dik,sdikz@upenn.edu,Female,0.255.248.198
37,Erick,Sabben,esabben10@bizjournals.com,Male,74.252.14.152
38,Valencia,Cerith,vcerith11@intel.com,Female,240.167.89.138
39,Waldo,Harken,wharken12@github.io,Male,175.44.133.161
40,Roxanne,Crassweller,rcrassweller13@w3.org,Female,51.62.109.81
41,Shaylynn,Dunk,sdunk14@upenn.edu,Female,28.219.247.187
42,Vinson,Sievewright,vsievewright15@parallels.com,Male,66.98.140.75
43,Justus,McCraw,jmccraw16@reverbnation.com,Male,133.20.112.98
44,Stearne,le Keux,slekeux17@livejournal.com,Male,91.19.82.213
45,Symon,Gander,sgander18@vk.com,Bigender,188.33.84.179
46,Delano,Gluyus,dgluyus19@slashdot.org,Male,18.254.226.217
47,Blondell,Astbery,bastbery1a@networksolutions.com,Polygender,158.74.32.22
48,Ludwig,Trorey,ltrorey1b@chicagotribune.com,Male,164.96.86.119
49,Georgianne,Gravells,ggravells1c@artisteer.com,Female,17.204.102.41
50,Briant,Plackstone,bplackstone1d@cbsnews.com,Male,53.236.76.86
51,Ketty,Pirri,kpirri1e@unesco.org,Agender,199.121.127.202
52,Patricia,Payle,ppayle1f@google.es,Female,226.123.215.153
53,Margie,Isitt,misitt1g@tripod.com,Female,75.197.180.205
54,Coleen,Krzyzanowski,ckrzyzanowski1h@drupal.org,Female,39.246.54.7
55,Randie,Duddridge,rduddridge1i@opera.com,Female,186.10.192.13
56,Jefferey,Trumper,jtrumper1j@icq.com,Male,41.77.202.133
57,Lamont,Buckwell,lbuckwell1k@canalblog.com,Male,20.36.222.215
58,Geordie,Wenham,gwenham1l@slate.com,Male,152.12.79.28
59,Kara-lynn,Berfoot,kberfoot1m@yolasite.com,Female,68.171.99.166
60,Glynda,Leipoldt,gleipoldt1n@usda.gov,Female,112.235.117.71
61,Abbi,Davley,adavley1o@npr.org,Female,171.12.183.233
62,Orran,Coppen,ocoppen1p@yahoo.com,Male,161.70.187.181
63,Carol-jean,Gipp,cgipp1q@google.ca,Female,200.241.37.172
64,Norby,Ruddock,nruddock1r@cpanel.net,Male,197.222.156.222
65,Porty,Meuse,pmeuse1s@vimeo.com,Male,134.168.135.145
66,Aile,Schruurs,aschruurs1t@sun.com,Polygender,36.178.97.174
67,Gabbi,Jenken,gjenken1u@thetimes.co.uk,Female,236.179.116.205
68,Upton,De Carteret,udecarteret1v@gnu.org,Bigender,184.135.37.186
69,Olivero,Ashwell,oashwell1w@howstuffworks.com,Male,46.160.9.57
70,Juliann,Garlick,jgarlick1x@si.edu,Female,126.72.204.21
71,Desiree,Strass,dstrass1y@imgur.com,Female,114.109.35.225
72,Kiersten,Marnes,kmarnes1z@washingtonpost.com,Female,87.133.138.63
73,Freeland,Ryall,fryall20@plala.or.jp,Male,245.30.133.130
74,Luke,Bulpitt,lbulpitt21@archive.org,Male,241.108.219.237
75,Kerrill,Gwinnett,kgwinnett22@ox.ac.uk,Female,246.45.119.78
76,Ludwig,Allden,lallden23@instagram.com,Male,207.107.112.212
77,Brittney,Stanluck,bstanluck24@census.gov,Female,198.54.114.243
78,Bobette,Pasby,bpasby25@cbc.ca,Female,253.208.29.6
79,Rosaline,Newcomb,rnewcomb26@bbb.org,Non-binary,111.136.246.42
80,Kippie,Romagnosi,kromagnosi27@home.pl,Male,74.1.255.180
81,Sid,Barhem,sbarhem28@msu.edu,Male,32.147.146.201
82,Otho,Agott,oagott29@samsung.com,Male,146.215.245.239
83,Curtis,Tocher,ctocher2a@linkedin.com,Male,163.104.80.162
84,Reube,Trunchion,rtrunchion2b@artisteer.com,Male,226.56.191.25
85,Thaddeus,Larsen,tlarsen2c@google.it,Male,10.218.43.38
86,Evin,Maccaddie,emaccaddie2d@admin.ch,Male,214.177.150.68
87,Sammie,Laughton,slaughton2e@yale.edu,Male,214.170.211.187
88,Ozzie,Siddall,osiddall2f@bloomberg.com,Male,32.48.82.120
89,Karen,Dearnley,kdearnley2g@wordpress.com,Female,118.63.166.126
90,Powell,Fortman,pfortman2h@pen.io,Male,31.110.218.201
91,Eve,Buckley,ebuckley2i@artisteer.com,Female,175.244.81.155
92,Rosina,Wolfart,rwolfart2j@51.la,Female,160.216.157.42
93,Christian,Armour,carmour2k@prweb.com,Female,114.241.156.221
94,Carter,Trubshawe,ctrubshawe2l@usatoday.com,Genderqueer,147.58.155.170
95,Grenville,Dearman,gdearman2m@illinois.edu,Polygender,253.174.19.149
96,Lars,Loutheane,lloutheane2n@theguardian.com,Male,48.213.196.59
97,Kamillah,Drayson,kdrayson2o@ameblo.jp,Agender,125.141.224.33
98,Toddy,Sambeck,tsambeck2p@about.com,Male,252.75.14.16
99,Alberta,Wyrill,awyrill2q@icq.com,Female,5.234.160.26
100,Shellysheldon,Weddell,sweddell2r@samsung.com,Male,180.255.1.195
101,Eugenia,Slavin,eslavin2s@ovh.net,Polygender,113.222.218.82
102,Pollyanna,Leward,pleward2t@washington.edu,Non-binary,133.174.255.43
103,Haskell,Camies,hcamies2u@admin.ch,Male,207.219.192.157
104,Jemmie,De Mitris,jdemitris2v@blogtalkradio.com,Female,141.164.170.159
105,Mort,Weepers,mweepers2w@sciencedirect.com,Male,190.59.239.126
106,Chrissie,Pinnegar,cpinnegar2x@marketwatch.com,Genderqueer,169.95.62.239
107,Christy,Scough,cscough2y@comsenz.com,Non-binary,2.232.178.51
108,Dukey,Morcombe,dmorcombe2z@wiley.com,Male,167.128.39.217
109,Luelle,Dobbing,ldobbing30@plala.or.jp,Female,251.42.250.141
110,Rosaline,Antwis,rantwis31@cdc.gov,Female,101.146.237.88
111,Tabor,Golland,tgolland32@yale.edu,Male,227.210.95.118
112,Mischa,D'Alesio,mdalesio33@angelfire.com,Male,153.75.92.139
113,Niccolo,Van Schafflaer,nvanschafflaer34@sakura.ne.jp,Male,104.42.61.203
114,Ronny,Colam,rcolam35@amazonaws.com,Male,228.195.198.106
115,Marjy,Christin,mchristin36@webnode.com,Female,156.197.219.65
116,Seana,Chill,schill37@skyrock.com,Female,90.36.1.12
117,Shirley,Bewshea,sbewshea38@miitbeian.gov.cn,Female,28.214.141.130
118,Langston,Humberstone,lhumberstone39@bbc.co.uk,Male,126.82.55.234
119,Rennie,Maffetti,rmaffetti3a@dyndns.org,Female,190.77.185.70
120,Mason,Chelnam,mchelnam3b@sbwire.com,Male,135.213.160.118
121,Gwyneth,Francillo,gfrancillo3c@shop-pro.jp,Female,143.128.230.92
122,Garfield,Maddrell,gmaddrell3d@hatena.ne.jp,Male,191.219.120.139
123,Tillie,Syme,tsyme3e@elegantthemes.com,Female,113.22.192.25
124,Obed,Adams,oadams3f@flickr.com,Genderfluid,164.246.86.118
125,Fonz,Gwinnell,fgwinnell3g@multiply.com,Male,98.32.11.246
126,Ingemar,Brosenius,ibrosenius3h@unicef.org,Male,161.36.100.98
127,Gertie,Pes,gpes3i@hubpages.com,Female,112.239.49.18
128,Lucais,Mountlow,lmountlow3j@hibu.com,Male,157.203.25.222
129,Junina,Duigan,jduigan3k@1688.com,Female,63.145.181.54
130,Marcos,Kroger,mkroger3l@cnn.com,Male,105.125.15.154
131,Dimitri,Crowter,dcrowter3m@dion.ne.jp,Male,120.12.142.90
132,Dorolisa,MacGorman,dmacgorman3n@dagondesign.com,Genderfluid,182.211.1.170
133,Asher,Garmon,agarmon3o@virginia.edu,Male,31.227.78.197
134,Marcia,Filipczynski,mfilipczynski3p@wikipedia.org,Agender,231.118.97.247
135,Ferdy,Foster,ffoster3q@economist.com,Genderqueer,121.58.12.192
136,Ludwig,Terese,lterese3r@google.co.jp,Male,141.174.98.120
137,Herman,Eldrett,heldrett3s@uol.com.br,Male,2.98.147.121
138,Keary,Houldin,khouldin3t@slideshare.net,Male,0.54.57.178
139,Frank,Erley,ferley3u@nbcnews.com,Female,144.143.226.221
140,Glen,Oldnall,goldnall3v@house.gov,Female,227.31.84.147
141,Kevyn,Brackley,kbrackley3w@state.gov,Female,165.20.196.55
142,Zsa zsa,Dowbakin,zdowbakin3x@yellowbook.com,Female,150.51.232.133
143,Kayley,Arnowitz,karnowitz3y@a8.net,Female,95.147.70.44
144,Artie,Manwaring,amanwaring3z@usda.gov,Male,165.142.198.64
145,Sancho,Siveter,ssiveter40@delicious.com,Male,198.116.143.40
146,Des,Gosse,dgosse41@kickstarter.com,Male,130.0.36.184
147,Sayers,Delamaine,sdelamaine42@unesco.org,Male,77.30.224.217
148,Pierette,Impleton,pimpleton43@bigcartel.com,Female,167.79.91.161
149,Anita,Hiers,ahiers44@lulu.com,Female,122.144.229.26
150,Camey,Robert,crobert45@microsoft.com,Genderqueer,57.120.204.56
151,Bernie,Ingliss,bingliss46@ucsd.edu,Female,233.176.183.47
152,Gregorio,Skrines,gskrines47@blinklist.com,Male,125.15.91.227
153,Putnem,Mithan,pmithan48@comcast.net,Male,2.234.77.241
154,Collete,MacCrossan,cmaccrossan49@webmd.com,Female,158.208.207.108
155,Janie,Kerne,jkerne4a@bravesites.com,Agender,38.161.222.126
156,Camella,Ilymanov,cilymanov4b@google.co.uk,Female,145.212.133.185
157,Malina,Keaton,mkeaton4c@oaic.gov.au,Female,229.199.133.169
158,Ximenes,Idenden,xidenden4d@yahoo.com,Male,112.125.159.197
159,Camilla,Desporte,cdesporte4e@naver.com,Female,232.64.116.207
160,Adolf,Curnick,acurnick4f@shareasale.com,Male,24.155.17.44
161,Jenica,Brotherhood,jbrotherhood4g@deviantart.com,Female,199.125.15.77
162,Tabina,Hacquard,thacquard4h@wired.com,Female,182.23.193.245
163,Wilfred,Massel,wmassel4i@fc2.com,Male,165.48.81.79
164,Julita,Bruhnsen,jbruhnsen4j@timesonline.co.uk,Female,56.241.105.167
165,Rey,Escofier,rescofier4k@multiply.com,Male,138.243.241.41
166,Durante,Petrillo,dpetrillo4l@geocities.jp,Male,203.101.246.87
167,Gerianna,Caslake,gcaslake4m@wufoo.com,Female,49.66.130.137
168,Glynis,Bethel,gbethel4n@mac.com,Female,95.98.193.1
169,Mufi,Dorian,mdorian4o@about.com,Female,243.75.89.119
170,Shepperd,Larose,slarose4p@unblog.fr,Polygender,182.80.151.215
171,Babb,Passie,bpassie4q@google.ca,Female,159.179.38.146
172,Dyanna,Mouncey,dmouncey4r@hc360.com,Genderfluid,45.211.107.240
173,See,Chaudrelle,schaudrelle4s@clickbank.net,Male,216.99.190.159
174,Jeana,Goeff,jgoeff4t@scientificamerican.com,Female,131.60.108.180
175,Kimbell,Grabb,kgrabb4u@umn.edu,Male,182.213.227.202
176,Leroy,Sheryn,lsheryn4v@marriott.com,Male,25.253.12.116
177,Errol,Sudy,esudy4w@admin.ch,Male,41.233.137.125
178,Sarge,Alford,salford4x@foxnews.com,Male,168.247.129.234
179,Othelia,Meconi,omeconi4y@redcross.org,Female,157.227.183.114
180,Katie,Toolan,ktoolan4z@squarespace.com,Female,180.163.253.112
181,Federico,Alcorn,falcorn50@unesco.org,Male,121.247.151.154
182,Hyacinth,Lange,hlange51@netvibes.com,Female,223.25.82.16
183,Mattie,Quare,mquare52@behance.net,Female,179.116.62.10
184,Griz,Coffelt,gcoffelt53@hibu.com,Male,71.118.33.27
185,Nicoli,Killeen,nkilleen54@blogtalkradio.com,Female,185.11.241.122
186,Lotty,Hember,lhember55@ovh.net,Agender,74.118.132.77
187,Bennie,Shadbolt,bshadbolt56@addthis.com,Female,136.196.94.200
188,Broderic,Ruegg,bruegg57@altervista.org,Male,15.105.25.143
189,Archy,Screas,ascreas58@umich.edu,Male,172.154.141.41
190,Felicia,Mossbee,fmossbee59@stanford.edu,Female,54.232.247.28
191,Rosanna,Dominichelli,rdominichelli5a@skyrock.com,Female,148.99.60.116
192,Lisha,Scarsbrick,lscarsbrick5b@vinaora.com,Agender,47.86.112.251
193,Jolie,Dummigan,jdummigan5c@w3.org,Female,5.23.210.77
194,Lynda,de'-Ancy Willis,ldeancywillis5d@goo.gl,Female,78.183.45.254
195,Puff,Jellico,pjellico5e@narod.ru,Male,236.67.200.10
196,Worden,Duffett,wduffett5f@craigslist.org,Male,106.130.45.61
197,Letty,Dorrance,ldorrance5g@example.com,Female,180.142.239.43
198,Etheline,Hartright,ehartright5h@amazonaws.com,Female,177.24.84.44
199,Carmella,Gyer,cgyer5i@comsenz.com,Female,172.21.33.156
200,Jeanine,Booy,jbooy5j@senate.gov,Female,116.24.150.89
201,Hubey,Amesbury,hamesbury5k@samsung.com,Male,207.249.181.208
202,Amos,Surmon,asurmon5l@cbsnews.com,Male,232.50.166.48
203,Lars,Manass,lmanass5m@infoseek.co.jp,Male,4.53.141.191
204,Calley,Kluger,ckluger5n@alexa.com,Genderqueer,106.152.69.81
205,Dacia,Fuzzey,dfuzzey5o@yellowpages.com,Female,32.57.7.134
206,Ardith,Rivalant,arivalant5p@europa.eu,Female,222.204.154.197
207,Hedi,Stave,hstave5q@github.io,Female,119.220.34.101
208,Sheelagh,Giraudoux,sgiraudoux5r@state.tx.us,Female,184.190.50.115
209,Travers,Raden,traden5s@walmart.com,Male,196.13.205.41
210,Ardis,Exer,aexer5t@cnn.com,Female,181.66.116.211
211,Saxon,Jemmison,sjemmison5u@squarespace.com,Male,139.87.74.131
212,Emile,Luno,eluno5v@about.me,Genderfluid,178.9.89.115
213,Lisette,Anthonsen,lanthonsen5w@illinois.edu,Female,235.206.14.161
214,Pamella,Swanwick,pswanwick5x@imageshack.us,Female,240.219.1.97
215,Saunder,Emanson,semanson5y@bloglines.com,Male,160.43.218.202
216,Skye,Slyman,sslyman5z@cnn.com,Male,120.113.201.103
217,Vasily,Ragbourn,vragbourn60@bing.com,Agender,50.82.34.149
218,Cheston,Zamudio,czamudio61@odnoklassniki.ru,Male,90.62.1.130
219,Chalmers,Gregoratti,cgregoratti62@dyndns.org,Male,187.123.93.202
220,Whitaker,Vivers,wvivers63@vimeo.com,Male,111.75.223.251
221,Iorgo,Pettigrew,ipettigrew64@qq.com,Male,203.69.187.190
222,Percy,D'eathe,pdeathe65@amazon.com,Male,88.24.155.211
223,Mikey,Gillard,mgillard66@discovery.com,Male,199.66.205.118
224,Mychal,McKeever,mmckeever67@virginia.edu,Male,90.121.116.185
225,Vite,MacKenny,vmackenny68@paginegialle.it,Male,102.201.52.227
226,Vaughan,Annett,vannett69@independent.co.uk,Male,110.123.116.1
227,Kerwinn,Segoe,ksegoe6a@jimdo.com,Male,124.195.60.50
228,Guss,Aldwich,galdwich6b@1und1.de,Male,4.229.57.117
229,Jessie,O'Mullaney,jomullaney6c@t-online.de,Female,92.143.148.160
230,Brent,Wycherley,bwycherley6d@yolasite.com,Male,165.129.52.251
231,Melicent,Goodbarne,mgoodbarne6e@homestead.com,Female,123.80.72.159
232,Constantina,Trobe,ctrobe6f@prnewswire.com,Female,205.236.128.73
233,Jo,Fobidge,jfobidge6g@so-net.ne.jp,Male,158.175.131.19
234,Daile,Fellini,dfellini6h@edublogs.org,Female,224.227.96.213
235,Clemente,Sivess,csivess6i@squidoo.com,Male,28.83.253.18
236,Thaddeus,Rookes,trookes6j@bloglines.com,Male,189.97.151.123
237,Weylin,Vanichkov,wvanichkov6k@dedecms.com,Male,170.70.225.225
238,Montgomery,Bridgestock,mbridgestock6l@si.edu,Genderqueer,165.228.121.90
239,Frederik,Thomazet,fthomazet6m@csmonitor.com,Male,250.247.198.6
240,Kyla,Charon,kcharon6n@tamu.edu,Female,121.212.88.57
241,Zedekiah,Littrell,zlittrell6o@hostgator.com,Male,42.198.3.155
242,Lottie,Mee,lmee6p@squidoo.com,Polygender,156.89.243.28
243,Cull,Doohan,cdoohan6q@hatena.ne.jp,Male,198.156.74.239
244,Robinia,McLevie,rmclevie6r@tuttocitta.it,Female,26.104.87.252
245,Aloisia,Crowcroft,acrowcroft6s@archive.org,Female,125.193.38.19
246,Lana,Caulton,lcaulton6t@state.gov,Female,66.104.57.212
247,Nicholas,Lawton,nlawton6u@merriam-webster.com,Male,100.249.125.80
248,Jethro,Perl,jperl6v@answers.com,Male,69.36.168.183
249,Alexandra,Varran,avarran6w@archive.org,Female,73.20.251.127
250,Pia,Hector,phector6x@wufoo.com,Female,121.192.152.220
251,Cyril,Bunten,cbunten6y@shop-pro.jp,Male,15.42.202.59
252,Lorianna,Tapenden,ltapenden6z@patch.com,Female,26.217.33.248
253,Noby,Endle,nendle70@google.cn,Male,78.250.210.44
254,Osborn,Jervoise,ojervoise71@cmu.edu,Male,32.130.27.205
255,Alwin,McGahern,amcgahern72@sciencedirect.com,Male,17.141.116.67
256,Prentiss,Norman,pnorman73@ucla.edu,Male,126.63.89.144
257,Rudy,McDell,rmcdell74@nature.com,Agender,161.207.16.210
258,Adah,Thirtle,athirtle75@pagesperso-orange.fr,Female,183.76.225.84
259,Janek,Troak,jtroak76@furl.net,Male,9.236.215.199
260,Bernard,Hammerich,bhammerich77@51.la,Male,7.231.166.146
261,Charyl,Roscamp,croscamp78@google.com.hk,Female,57.157.143.16
262,Sauveur,Stickells,sstickells79@typepad.com,Male,212.102.8.136
263,Curran,Fenkel,cfenkel7a@chron.com,Male,179.96.209.171
264,Jephthah,Cheesman,jcheesman7b@typepad.com,Male,63.182.156.70
265,Carolin,French,cfrench7c@aboutads.info,Female,166.1.162.51
266,Milli,Astie,mastie7d@cnbc.com,Female,37.241.189.27
267,Stace,Schule,sschule7e@t-online.de,Female,40.129.155.247
268,Belicia,Furmston,bfurmston7f@toplist.cz,Female,198.230.149.216
269,Ariel,Walework,awalework7g@stumbleupon.com,Female,5.253.5.181
270,Kasey,Storry,kstorry7h@fema.gov,Female,160.62.39.89
271,Lyon,Grenkov,lgrenkov7i@economist.com,Male,241.60.208.5
272,Allix,Mainston,amainston7j@imgur.com,Female,123.173.173.52
273,Domenic,Keppin,dkeppin7k@blinklist.com,Male,253.232.91.239
274,Lynne,Taunton,ltaunton7l@scribd.com,Female,60.64.51.25
275,Jarred,Bloschke,jbloschke7m@phpbb.com,Male,50.5.56.117
276,Romeo,Jeffcoate,rjeffcoate7n@wikimedia.org,Male,68.68.98.139
277,Rey,Jinkin,rjinkin7o@seesaa.net,Male,69.65.213.63
278,Bartholemy,Garritley,bgarritley7p@wikispaces.com,Genderfluid,34.114.33.86
279,Danie,Siggins,dsiggins7q@oracle.com,Male,251.125.43.115
280,Xever,Garside,xgarside7r@lycos.com,Male,232.216.116.207
281,Sharai,Maevela,smaevela7s@java.com,Female,169.104.77.3
282,Salim,Olivera,solivera7t@ucoz.com,Male,250.106.242.93
283,Nigel,Boath,nboath7u@dmoz.org,Male,201.47.252.22
284,Lyon,Handaside,lhandaside7v@constantcontact.com,Male,226.140.153.119
285,Leonid,Salerno,lsalerno7w@twitter.com,Genderfluid,235.148.255.26
286,Jimmie,Magog,jmagog7x@de.vu,Male,87.149.36.187
287,Ennis,Blackler,eblackler7y@networkadvertising.org,Male,19.246.124.183
288,Lori,Atherton,latherton7z@google.co.uk,Female,51.127.54.40
289,Arie,Bowie,abowie80@microsoft.com,Male,66.183.127.104
290,Randi,Fearns,rfearns81@flavors.me,Female,74.2.69.136
291,Tudor,Longthorne,tlongthorne82@twitpic.com,Male,187.171.66.202
292,Eloisa,Demcik,edemcik83@mashable.com,Female,126.126.189.52
293,Genny,Andreassen,gandreassen84@cornell.edu,Female,105.98.114.185
294,Beitris,Canny,bcanny85@feedburner.com,Female,199.74.11.95
295,Alva,Slorach,aslorach86@phpbb.com,Male,119.180.144.14
296,Rochester,Livard,rlivard87@yahoo.co.jp,Male,99.78.37.120
297,Gayelord,Slader,gslader88@ca.gov,Male,85.198.233.169
298,Estele,Hedges,ehedges89@irs.gov,Female,150.240.129.30
299,Bertrando,Warlow,bwarlow8a@ycombinator.com,Male,187.124.248.249
300,Law,Hauck,lhauck8b@salon.com,Male,216.176.115.243
301,Cash,Senchenko,csenchenko8c@discuz.net,Non-binary,112.8.59.56
302,Alvina,Broddle,abroddle8d@creativecommons.org,Female,33.246.143.217
303,Aldis,Undy,aundy8e@bizjournals.com,Bigender,159.247.53.70
304,See,Banaszczyk,sbanaszczyk8f@dmoz.org,Male,123.136.118.206
305,Mattie,Mithun,mmithun8g@woothemes.com,Polygender,254.111.190.120
306,Danya,Exroll,dexroll8h@buzzfeed.com,Male,3.253.254.179
307,Bjorn,Coton,bcoton8i@about.me,Male,4.34.240.25
308,Edd,McCree,emccree8j@vimeo.com,Male,198.150.202.182
309,Eddy,Duddle,eduddle8k@quantcast.com,Agender,100.52.69.177
310,Gelya,Neads,gneads8l@marriott.com,Female,87.50.226.58
311,Austen,de Banke,adebanke8m@squarespace.com,Male,9.170.161.107
312,April,Riccardini,ariccardini8n@amazon.co.jp,Female,173.76.67.102
313,Elora,Minchella,eminchella8o@diigo.com,Female,169.1.46.195
314,Jereme,Fergie,jfergie8p@cafepress.com,Male,175.103.61.72
315,Stefano,Ion,sion8q@furl.net,Male,103.204.155.190
316,Sibyl,Maciunas,smaciunas8r@quantcast.com,Female,208.49.155.196
317,Odessa,Knellen,oknellen8s@toplist.cz,Female,228.174.5.216
318,Ardath,Barribal,abarribal8t@craigslist.org,Female,235.197.115.170
319,Ryon,Kohrt,rkohrt8u@nba.com,Male,242.196.97.137
320,Silvain,Antunes,santunes8v@livejournal.com,Male,202.242.187.40
321,Percival,Tincombe,ptincombe8w@symantec.com,Bigender,38.134.95.193
322,Alonzo,Hallybone,ahallybone8x@bloglovin.com,Male,10.31.107.183
323,Rollin,Eliot,reliot8y@last.fm,Male,113.157.231.133
324,Inna,Harmond,iharmond8z@surveymonkey.com,Non-binary,87.117.199.16
325,Val,Grinov,vgrinov90@va.gov,Male,127.152.3.129
326,Jacquelyn,Bliven,jbliven91@purevolume.com,Female,81.29.213.177
327,Magdalena,Joel,mjoel92@kickstarter.com,Female,195.143.165.157
328,Abbie,Stuckes,astuckes93@amazon.co.uk,Male,81.67.127.84
329,Patrizia,Aldred,paldred94@java.com,Female,39.133.149.111
330,Brew,Vogele,bvogele95@mac.com,Male,41.126.152.242
331,Orville,Blenkinship,oblenkinship96@ucla.edu,Male,92.41.221.24
332,Alanah,O'Heyne,aoheyne97@yolasite.com,Polygender,132.202.91.108
333,Kincaid,Scutcheon,kscutcheon98@meetup.com,Male,255.173.95.163
334,Janey,Robinet,jrobinet99@nhs.uk,Female,34.124.172.133
335,Lanie,Eggins,leggins9a@ca.gov,Male,239.41.2.72
336,Waylan,Josofovitz,wjosofovitz9b@apple.com,Male,201.227.30.1
337,Cornela,Dilon,cdilon9c@linkedin.com,Female,42.102.21.138
338,Siusan,Eicheler,seicheler9d@amazonaws.com,Female,36.230.30.148
339,Paulita,Hymer,phymer9e@last.fm,Female,194.237.191.171
340,Chanda,Cuberley,ccuberley9f@vimeo.com,Female,27.89.183.230
341,Friedrick,McGilben,fmcgilben9g@opensource.org,Bigender,245.165.178.29
342,Glynis,Crackel,gcrackel9h@timesonline.co.uk,Female,139.254.200.242
343,Clarey,Syde,csyde9i@tinyurl.com,Female,125.204.220.37
344,Benson,Esilmon,besilmon9j@blogtalkradio.com,Male,163.173.223.108
345,Tymon,Redmore,tredmore9k@microsoft.com,Male,6.172.111.139
346,Dodi,Meers,dmeers9l@liveinternet.ru,Genderfluid,67.193.20.136
347,Emory,Emmison,eemmison9m@acquirethisname.com,Male,244.4.23.177
348,Lucretia,Rooney,lrooney9n@timesonline.co.uk,Female,238.98.211.33
349,Ewart,Houston,ehouston9o@liveinternet.ru,Male,63.240.171.182
350,Vania,Shark,vshark9p@intel.com,Female,158.236.63.81
351,Gilberte,Fenners,gfenners9q@csmonitor.com,Female,100.125.129.231
352,Jonah,Edge,jedge9r@nydailynews.com,Genderqueer,28.207.145.241
353,Giselle,McClelland,gmcclelland9s@tmall.com,Female,110.54.138.31
354,Berenice,Duer,bduer9t@guardian.co.uk,Female,123.40.14.76
355,Robbyn,Partridge,rpartridge9u@vkontakte.ru,Female,106.84.190.83
356,Catrina,Alyonov,calyonov9v@forbes.com,Genderfluid,128.31.130.203
357,Jemmie,Yanez,jyanez9w@twitter.com,Female,254.220.122.113
358,Dari,Matysiak,dmatysiak9x@marriott.com,Female,167.107.254.95
359,Dame,Mansford,dmansford9y@squidoo.com,Male,103.78.190.247
360,Lavinie,Turpey,lturpey9z@liveinternet.ru,Female,5.107.188.101
361,Enos,Emanuele,eemanuelea0@themeforest.net,Male,11.187.179.221
362,Cyrille,Zoane,czoanea1@typepad.com,Male,185.221.139.230
363,Jeth,Giraudot,jgiraudota2@microsoft.com,Male,221.203.10.185
364,Silvana,Rooper,sroopera3@yahoo.com,Female,11.247.169.163
365,Amil,Domm,adomma4@irs.gov,Female,28.211.173.161
366,Coleman,Tyce,ctycea5@uol.com.br,Male,239.126.182.172
367,Lambert,Stapleton,lstapletona6@latimes.com,Male,25.101.240.81
368,Dalia,Cuttelar,dcuttelara7@mashable.com,Female,191.209.190.213
369,Griselda,Crocumbe,gcrocumbea8@senate.gov,Female,184.235.62.252
370,Everett,Senchenko,esenchenkoa9@youtube.com,Male,188.1.248.36
371,Marlow,Schoffel,mschoffelaa@bloglovin.com,Male,213.227.159.203
372,Griswold,Trounce,gtrounceab@nydailynews.com,Male,184.28.7.58
373,Serene,Arstingall,sarstingallac@hp.com,Female,252.114.211.30
374,Barris,Saura,bsauraad@marriott.com,Male,153.236.97.65
375,Deane,McMearty,dmcmeartyae@g.co,Male,66.168.66.6
376,Morry,Tomsu,mtomsuaf@lycos.com,Male,207.32.197.85
377,Rosabella,Bon,rbonag@craigslist.org,Female,35.18.119.62
378,Sibella,Reinmar,sreinmarah@microsoft.com,Female,12.238.235.164
379,Mischa,Izacenko,mizacenkoai@163.com,Male,62.185.102.162
380,Clarance,Harty,chartyaj@hatena.ne.jp,Male,24.21.113.67
381,Kermit,Abernethy,kabernethyak@booking.com,Male,22.222.172.192
382,Marc,Ickovic,mickovical@cornell.edu,Male,187.62.248.130
383,Westley,Haggis,whaggisam@last.fm,Male,20.203.233.174
384,Boycey,Grason,bgrasonan@dell.com,Male,103.73.162.190
385,Chelsey,Clemente,cclementeao@oracle.com,Female,74.212.34.85
386,Hadlee,Gajownik,hgajownikap@storify.com,Male,198.29.84.30
387,Liza,Ventom,lventomaq@baidu.com,Female,164.26.138.170
388,Natividad,McCarter,nmccarterar@state.tx.us,Female,63.168.153.185
389,Erl,Millwater,emillwateras@microsoft.com,Male,70.25.214.201
390,Genvieve,Hughill,ghughillat@senate.gov,Genderqueer,69.73.101.236
391,Jimmie,Gooden,jgoodenau@slashdot.org,Male,237.33.65.172
392,Jean,Kilsby,jkilsbyav@house.gov,Female,10.240.162.122
393,Dedra,Giovannini,dgiovanniniaw@ameblo.jp,Female,194.67.103.11
394,Thornton,Doe,tdoeax@ustream.tv,Male,207.105.209.177
395,Luelle,Duffet,lduffetay@discovery.com,Female,89.111.222.130
396,Zared,Scorer,zscoreraz@chron.com,Male,250.188.8.206
397,Nomi,Marrow,nmarrowb0@jugem.jp,Female,152.120.31.114
398,Winthrop,Inold,winoldb1@mtv.com,Male,12.22.75.126
399,Inigo,Bow,ibowb2@hugedomains.com,Male,53.252.29.236
400,Electra,Dunstall,edunstallb3@time.com,Female,210.35.82.168
401,Feliza,Tesoe,ftesoeb4@jugem.jp,Female,110.244.226.101
402,Ludvig,Reightley,lreightleyb5@loc.gov,Male,68.131.59.215
403,Dyna,Lefort,dlefortb6@amazonaws.com,Female,186.106.127.47
404,Petronilla,Lillgard,plillgardb7@multiply.com,Female,129.200.192.248
405,Chase,Kopke,ckopkeb8@studiopress.com,Male,193.103.86.244
406,Alida,Salmon,asalmonb9@nymag.com,Female,224.68.0.0
407,Fawne,Luisetti,fluisettiba@scribd.com,Female,186.146.72.120
408,Beatrice,Crosdill,bcrosdillbb@wp.com,Female,61.219.209.62
409,Lincoln,Crush,lcrushbc@reuters.com,Male,87.56.76.220
410,Gordon,Pimley,gpimleybd@eepurl.com,Male,137.110.157.22
411,Bertine,Smallpiece,bsmallpiecebe@de.vu,Female,9.42.70.28
412,Thane,Bowry,tbowrybf@ft.com,Male,0.183.19.208
413,Scott,Bullin,sbullinbg@blogs.com,Male,244.227.48.144
414,Traver,Cours,tcoursbh@java.com,Male,240.254.249.246
415,Mycah,Hillin,mhillinbi@howstuffworks.com,Male,210.34.179.48
416,Twila,Iaduccelli,tiaduccellibj@buzzfeed.com,Female,230.188.182.3
417,Teri,Aubin,taubinbk@angelfire.com,Female,204.110.149.34
418,Ketti,Burfoot,kburfootbl@seattletimes.com,Agender,186.72.222.112
419,Tonya,Loader,tloaderbm@mtv.com,Female,130.244.231.12
420,Anita,Clemetts,aclemettsbn@xrea.com,Female,10.242.5.82
421,Ingram,Cregeen,icregeenbo@eepurl.com,Male,187.205.237.38
422,Drud,McDavid,dmcdavidbp@zdnet.com,Male,126.112.38.10
423,Erskine,Mathers,emathersbq@smugmug.com,Male,64.116.221.39
424,Grethel,Pendleton,gpendletonbr@utexas.edu,Female,30.169.103.176
425,Hazel,Musgrove,hmusgrovebs@bigcartel.com,Female,151.42.128.191
426,Brennen,Shellum,bshellumbt@cyberchimps.com,Male,204.107.152.33
427,Dorice,Daughton,ddaughtonbu@netscape.com,Female,236.168.206.156
428,Julita,Bartholat,jbartholatbv@chronoengine.com,Female,62.40.235.195
429,Rudolf,Mc Menamin,rmcmenaminbw@bluehost.com,Polygender,194.192.192.75
430,Reynolds,Sommerscales,rsommerscalesbx@house.gov,Male,14.218.100.28
431,Renie,Cathcart,rcathcartby@seesaa.net,Female,110.72.180.83
432,Sol,Aubray,saubraybz@youtube.com,Male,0.146.49.186
433,Ive,Djurisic,idjurisicc0@youku.com,Male,110.23.88.94
434,Clevie,Lindley,clindleyc1@unesco.org,Male,158.136.153.212
435,Isaiah,Barthelme,ibarthelmec2@addthis.com,Male,161.107.205.181
436,Dulcea,Lyfe,dlyfec3@jigsy.com,Female,82.64.91.218
437,Traver,Rosenfelder,trosenfelderc4@cyberchimps.com,Male,33.109.59.242
438,Danica,Elie,deliec5@blogspot.com,Female,69.182.166.108
439,Randall,Iczokvitz,riczokvitzc6@chronoengine.com,Male,67.114.183.18
440,Amalia,Mablestone,amablestonec7@free.fr,Female,181.108.223.185
441,Francklin,Tibalt,ftibaltc8@cocolog-nifty.com,Male,10.190.157.100
442,Tera,Bendle,tbendlec9@arizona.edu,Female,164.96.186.155
443,Gillie,Medcalfe,gmedcalfeca@ca.gov,Female,231.44.202.237
444,Yehudit,Raynton,yrayntoncb@sbwire.com,Male,218.221.197.32
445,Holly-anne,Duthie,hduthiecc@google.com.br,Female,62.108.133.30
446,Enrique,Gabby,egabbycd@earthlink.net,Male,179.223.12.207
447,Chrystel,Villaret,cvillaretce@senate.gov,Female,111.138.205.67
448,Thorin,Sweetzer,tsweetzercf@dion.ne.jp,Male,128.158.181.148
449,Janelle,Dunseath,jdunseathcg@github.com,Female,168.80.193.85
450,Noble,Carwardine,ncarwardinech@shop-pro.jp,Male,236.28.188.80
451,Ossie,Mahaddie,omahaddieci@pagesperso-orange.fr,Polygender,114.183.201.115
452,Lincoln,Graeser,lgraesercj@chicagotribune.com,Male,135.85.89.94
453,Amelina,Alfwy,aalfwyck@zdnet.com,Agender,150.111.64.41
454,Kalila,Luckhurst,kluckhurstcl@fda.gov,Female,141.45.188.73
455,Beau,Dorro,bdorrocm@google.de,Genderqueer,88.32.102.209
456,Alfreda,Ramel,aramelcn@webnode.com,Female,252.82.26.169
457,Gertruda,Fassbender,gfassbenderco@paypal.com,Polygender,106.25.5.174
458,Artemus,Keaveny,akeavenycp@drupal.org,Male,188.77.170.7
459,Fayina,Habard,fhabardcq@behance.net,Female,125.174.103.83
460,Patrizio,Dusey,pduseycr@reference.com,Male,142.45.25.58
461,Town,Trubshaw,ttrubshawcs@4shared.com,Male,97.154.89.0
462,Renate,Semon,rsemonct@xinhuanet.com,Female,253.10.201.34
463,Kassia,MacIntosh,kmacintoshcu@symantec.com,Female,21.76.172.171
464,Andromache,Children,achildrencv@over-blog.com,Female,143.77.187.201
465,Chandler,Twitchett,ctwitchettcw@t-online.de,Male,218.195.96.34
466,Marina,Bourgaize,mbourgaizecx@qq.com,Female,28.186.118.0
467,Mead,Corthes,mcorthescy@ameblo.jp,Male,244.194.212.46
468,Darren,Wiggall,dwiggallcz@newyorker.com,Male,179.51.123.212
469,Ahmed,Cavnor,acavnord0@reverbnation.com,Male,224.146.224.207
470,Gibby,Veneur,gveneurd1@vimeo.com,Male,26.97.158.241
471,Putnam,Kleinhaut,pkleinhautd2@huffingtonpost.com,Male,189.248.204.194
472,Flossie,Izacenko,fizacenkod3@weebly.com,Female,232.141.235.118
473,Neysa,Benthall,nbenthalld4@ezinearticles.com,Female,102.220.99.241
474,Charlotte,Owtram,cowtramd5@myspace.com,Female,4.32.40.191
475,Ignazio,Bearns,ibearnsd6@reverbnation.com,Male,97.34.96.13
476,Bria,Elliker,bellikerd7@wordpress.org,Female,70.241.15.163
477,Samantha,Koomar,skoomard8@merriam-webster.com,Female,126.46.255.98
478,Elizabeth,Gorringe,egorringed9@blinklist.com,Female,192.122.218.253
479,Hildagard,Fairholme,hfairholmeda@t-online.de,Female,227.38.20.195
480,Jaime,Haggie,jhaggiedb@icio.us,Male,165.87.241.206
481,Genni,Thynne,gthynnedc@yale.edu,Female,86.179.154.162
482,Ody,Parkisson,oparkissondd@sohu.com,Male,230.112.57.49
483,Brietta,Ralphs,bralphsde@gizmodo.com,Female,243.95.83.34
484,Theadora,Blow,tblowdf@icio.us,Female,206.72.229.65
485,Sibelle,Dennidge,sdennidgedg@eepurl.com,Female,229.124.26.47
486,Parker,Norcock,pnorcockdh@privacy.gov.au,Bigender,153.41.3.125
487,Bealle,Jurczik,bjurczikdi@vinaora.com,Male,252.207.117.209
488,Vin,Youson,vyousondj@vkontakte.ru,Male,31.112.14.43
489,Hyatt,Fleury,hfleurydk@irs.gov,Male,92.62.65.60
490,Amanda,Taylder,ataylderdl@rediff.com,Female,121.123.150.14
491,Zea,Raggett,zraggettdm@dion.ne.jp,Female,173.150.88.247
492,Godfry,Kenset,gkensetdn@com.com,Polygender,210.231.202.57
493,Silvie,Knewstub,sknewstubdo@wordpress.org,Female,11.237.181.208
494,Trumaine,Showers,tshowersdp@globo.com,Male,93.136.100.184
495,Krystle,Cartner,kcartnerdq@pagesperso-orange.fr,Female,144.66.68.221
496,Moise,holmes,mholmesdr@jimdo.com,Male,212.4.79.185
497,Rabi,Joye,rjoyeds@latimes.com,Male,215.45.179.160
498,Crystie,Fey,cfeydt@ed.gov,Female,190.72.182.170
499,Marybeth,Brettel,mbretteldu@phpbb.com,Female,28.193.127.83
500,Adlai,Pencott,apencottdv@japanpost.jp,Non-binary,246.223.125.233
501,Inglis,Peegrem,ipeegremdw@blog.com,Male,236.196.111.217
502,Krishnah,Silburn,ksilburndx@live.com,Male,222.98.113.143
503,Bo,Walbridge,bwalbridgedy@blinklist.com,Male,85.32.170.211
504,Hal,Paule,hpauledz@icio.us,Male,23.224.237.59
505,Bartholemy,Spivie,bspiviee0@examiner.com,Male,252.115.2.171
506,Darline,Hymas,dhymase1@last.fm,Female,242.175.93.142
507,Gibbie,Gilliland,ggillilande2@china.com.cn,Male,158.122.134.8
508,Hale,Lyles,hlylese3@about.me,Bigender,1.2.238.202
509,Beryle,Bisseker,bbissekere4@java.com,Female,64.36.66.124
510,Marwin,Lynes,mlynese5@cpanel.net,Male,194.81.222.21
511,Briny,Kleinzweig,bkleinzweige6@about.me,Female,37.185.73.166
512,Dacia,Konertz,dkonertze7@apache.org,Female,100.215.50.133
513,Winfield,Shrimplin,wshrimpline8@ucoz.ru,Male,45.46.104.27
514,Regen,Chilcott,rchilcotte9@oakley.com,Male,17.205.121.35
515,Wileen,Durbin,wdurbinea@intel.com,Female,245.131.118.11
516,Justis,Bosma,jbosmaeb@w3.org,Male,112.142.144.254
517,Jude,Ragsdall,jragsdallec@wikispaces.com,Male,75.107.5.4
518,Tiebold,Corlett,tcorletted@hubpages.com,Male,25.205.7.63
519,Jehanna,Janaway,jjanawayee@uol.com.br,Female,87.2.166.38
520,Galen,Loynes,gloynesef@technorati.com,Male,218.200.221.205
521,Gale,Hempel,ghempeleg@flickr.com,Genderfluid,81.132.126.144
522,Osborn,Klageman,oklagemaneh@naver.com,Male,82.122.231.91
523,Yolanda,Puddefoot,ypuddefootei@mozilla.org,Female,182.48.214.182
524,Kara,Lidgley,klidgleyej@icio.us,Female,136.116.188.217
525,Flossi,Van Rembrandt,fvanrembrandtek@sina.com.cn,Female,25.235.241.34
526,Bobbye,Spring,bspringel@123-reg.co.uk,Female,161.123.6.83
527,Vickie,Folder,vfolderem@typepad.com,Female,25.7.226.42
528,Nye,Fer,nferen@hhs.gov,Male,159.247.249.40
529,Mickie,Gosson,mgossoneo@mashable.com,Male,32.90.14.158
530,Geordie,Sanper,gsanperep@hexun.com,Male,247.215.53.231
531,Hyacinthe,Spinnace,hspinnaceeq@intel.com,Female,142.73.231.152
532,Lilith,Ruberti,lrubertier@gizmodo.com,Female,176.158.174.16
533,Daune,Faughey,dfaugheyes@wiley.com,Female,19.248.3.248
534,Whitman,Hacket,whacketet@goo.ne.jp,Male,141.5.62.53
535,Maggi,Showering,mshoweringeu@naver.com,Female,38.228.223.214
536,Margie,Dusting,mdustingev@state.tx.us,Female,251.157.121.168
537,Consolata,Hentzeler,chentzelerew@technorati.com,Female,118.179.59.74
538,Grethel,Niesegen,gniesegenex@xing.com,Female,13.189.52.57
539,Lonnie,Zanicchi,lzanicchiey@php.net,Female,200.167.189.68
540,Dane,Hempshall,dhempshallez@psu.edu,Male,161.61.177.161
541,Carine,Smallacombe,csmallacombef0@epa.gov,Female,221.110.229.96
542,Abigale,Boarleyson,aboarleysonf1@quantcast.com,Non-binary,248.208.30.112
543,Gypsy,Crangle,gcranglef2@zimbio.com,Female,43.65.95.106
544,Gay,De Filippo,gdefilippof3@zdnet.com,Female,211.65.167.39
545,Ora,Hummerston,ohummerstonf4@topsy.com,Agender,228.83.238.9
546,Maryjane,Creeghan,mcreeghanf5@51.la,Female,255.186.233.226
547,Robbert,Fairnington,rfairningtonf6@ted.com,Male,112.231.113.58
548,Calley,Fernando,cfernandof7@istockphoto.com,Female,27.201.115.209
549,Rahel,Heaviside,rheavisidef8@163.com,Female,118.44.87.58
550,Dinah,Dugue,dduguef9@mail.ru,Female,46.208.37.82
551,Burl,Pitcock,bpitcockfa@ft.com,Male,102.132.64.193
552,Brenda,Vannuccinii,bvannucciniifb@mysql.com,Female,88.196.202.234
553,Marcelline,Fallon,mfallonfc@illinois.edu,Female,121.72.154.242
554,Seward,Birckmann,sbirckmannfd@discuz.net,Male,36.122.211.66
555,Jany,Loram,jloramfe@wikimedia.org,Female,199.193.217.152
556,Tootsie,Seleway,tselewayff@blogs.com,Female,240.187.63.239
557,Marieann,Restill,mrestillfg@huffingtonpost.com,Female,66.87.87.92
558,Janek,Render,jrenderfh@berkeley.edu,Male,223.37.110.78
559,Domenico,Guitton,dguittonfi@unblog.fr,Male,180.161.88.243
560,Rosella,Greatrakes,rgreatrakesfj@loc.gov,Female,142.123.255.181
561,Johan,Masson,jmassonfk@example.com,Male,27.213.172.195
562,Staci,Ratnage,sratnagefl@timesonline.co.uk,Female,157.51.150.95
563,Doy,Robke,drobkefm@last.fm,Male,97.1.179.36
564,Nolan,De Cruz,ndecruzfn@latimes.com,Male,193.62.184.243
565,Brigham,McOwen,bmcowenfo@netvibes.com,Male,186.249.38.145
566,Hailee,Hailey,hhaileyfp@mashable.com,Female,41.197.27.83
567,Reggy,Wilcock,rwilcockfq@usa.gov,Polygender,42.236.17.5
568,Ettore,Mattheus,emattheusfr@google.ru,Male,234.180.254.185
569,Aylmer,Nern,anernfs@weebly.com,Genderfluid,66.205.206.196
570,Cora,Cowhig,ccowhigft@msu.edu,Female,175.146.200.131
571,Ally,Zotto,azottofu@salon.com,Female,221.47.247.233
572,Augustus,Bareford,abarefordfv@wp.com,Male,214.104.228.176
573,Kathleen,Ledward,kledwardfw@e-recht24.de,Female,38.220.125.9
574,Tova,Meachen,tmeachenfx@eepurl.com,Female,11.2.114.116
575,Josefa,Cadd,jcaddfy@exblog.jp,Female,236.112.80.23
576,Quinton,Paradis,qparadisfz@nasa.gov,Male,40.41.90.194
577,Elianore,Height,eheightg0@fda.gov,Female,94.102.31.163
578,Artie,Paolozzi,apaolozzig1@etsy.com,Male,120.189.163.18
579,Niel,Van Bruggen,nvanbruggeng2@google.ru,Agender,141.94.112.225
580,Eberhard,Raveau,eraveaug3@fda.gov,Male,15.161.48.143
581,Max,Youngs,myoungsg4@friendfeed.com,Polygender,70.196.250.230
582,Aundrea,Moffatt,amoffattg5@sitemeter.com,Female,38.63.197.173
583,Salmon,Boarleyson,sboarleysong6@mapquest.com,Genderfluid,2.237.250.31
584,Vivi,Hukins,vhukinsg7@europa.eu,Female,42.153.79.157
585,Blayne,Baigent,bbaigentg8@soundcloud.com,Male,70.196.109.53
586,Valentia,Witherup,vwitherupg9@ftc.gov,Agender,240.70.250.116
587,Flint,Bumford,fbumfordga@blogs.com,Male,176.10.176.40
588,Northrup,Enns,nennsgb@cdc.gov,Male,43.111.69.21
589,Morena,Kynoch,mkynochgc@microsoft.com,Female,6.180.125.177
590,Mariann,Wehnerr,mwehnerrgd@technorati.com,Female,56.194.37.14
591,Minna,Bellard,mbellardge@godaddy.com,Female,220.129.162.210
592,Quinlan,Grigoliis,qgrigoliisgf@bravesites.com,Male,199.11.29.13
593,Jedidiah,Dumphry,jdumphrygg@squidoo.com,Male,143.162.166.14
594,Colly,Vaughton,cvaughtongh@g.co,Female,69.182.230.217
595,Sari,Halston,shalstongi@ycombinator.com,Female,196.38.191.111
596,Valera,Westmarland,vwestmarlandgj@furl.net,Female,53.214.217.202
597,Meyer,Ziems,mziemsgk@wikipedia.org,Male,34.170.115.19
598,Nancy,Sworne,nswornegl@tripadvisor.com,Female,202.8.163.239
599,Sena,Papaccio,spapacciogm@seesaa.net,Female,137.236.58.220
600,Maggy,Burgwin,mburgwingn@merriam-webster.com,Non-binary,62.29.193.194
601,Leshia,Rattrie,lrattriego@examiner.com,Female,222.51.105.247
602,Umeko,Slimming,uslimminggp@nifty.com,Female,154.226.21.0
603,Tanya,Sherwyn,tsherwyngq@issuu.com,Female,216.219.130.86
604,Amby,Werny,awernygr@ocn.ne.jp,Male,119.119.84.44
605,Coral,Tallon,ctallongs@linkedin.com,Female,153.153.9.67
606,Frieda,Liddall,fliddallgt@techcrunch.com,Female,55.115.88.109
607,Maximilianus,Jimeno,mjimenogu@ning.com,Bigender,55.95.72.66
608,Cordie,Redmire,credmiregv@nytimes.com,Female,120.160.150.77
609,Celle,Tiltman,ctiltmangw@goo.ne.jp,Genderqueer,234.11.27.178
610,Donny,Sindle,dsindlegx@cargocollective.com,Female,85.89.221.69
611,Johnathon,Gabbitis,jgabbitisgy@answers.com,Male,34.53.46.99
612,Willette,Sarjeant,wsarjeantgz@booking.com,Female,182.62.59.131
613,Clark,Yerrington,cyerringtonh0@ehow.com,Male,148.160.203.186
614,Tomasine,Hurley,thurleyh1@macromedia.com,Female,22.135.240.213
615,Alex,Duding,adudingh2@zdnet.com,Male,241.30.181.59
616,Ursulina,MacAllen,umacallenh3@opensource.org,Female,153.14.42.227
617,Quintina,Lude,qludeh4@comsenz.com,Female,35.97.40.133
618,Jaime,Charlet,jcharleth5@reverbnation.com,Female,203.216.166.132
619,Buffy,Whiles,bwhilesh6@wisc.edu,Female,77.30.15.204
620,Alasdair,Colegate,acolegateh7@devhub.com,Male,148.114.58.57
621,Deane,O'dell,dodellh8@ted.com,Male,126.11.195.116
622,Ashton,Lacknor,alacknorh9@acquirethisname.com,Male,118.219.116.58
623,Billy,Grinley,bgrinleyha@bloomberg.com,Male,124.177.190.5
624,Ashley,Ragless,araglesshb@google.nl,Agender,24.91.163.45
625,Isacco,Taffley,itaffleyhc@imgur.com,Male,221.196.236.194
626,Melanie,Willisch,mwillischhd@eepurl.com,Female,130.176.250.93
627,Kally,Borland,kborlandhe@plala.or.jp,Female,25.122.184.150
628,Jecho,Larmouth,jlarmouthhf@weather.com,Male,176.0.58.151
629,Irvin,Marklew,imarklewhg@nasa.gov,Non-binary,243.41.86.201
630,Basilio,Tebald,btebaldhh@phpbb.com,Male,28.188.39.192
631,Tyson,De Avenell,tdeavenellhi@oracle.com,Male,70.137.237.115
632,Germaine,Fabbro,gfabbrohj@nasa.gov,Male,71.0.215.56
633,Vassily,Whaley,vwhaleyhk@google.de,Male,39.194.173.130
634,Vivyanne,Rootham,vroothamhl@bigcartel.com,Genderqueer,210.225.128.3
635,Berty,Venour,bvenourhm@mozilla.org,Bigender,129.216.219.37
636,Buiron,Flipsen,bflipsenhn@usnews.com,Genderqueer,187.37.103.195
637,Svend,Tomlin,stomlinho@google.com.au,Male,164.149.249.59
638,Kale,Podd,kpoddhp@accuweather.com,Male,20.112.178.10
639,Jocelyn,Geany,jgeanyhq@skype.com,Female,26.180.216.219
640,Osmond,Scroggins,oscrogginshr@seattletimes.com,Male,96.78.138.234
641,Hillie,Loftus,hloftushs@springer.com,Male,193.7.50.186
642,Horace,Carnson,hcarnsonht@theglobeandmail.com,Male,210.111.140.61
643,Milli,Rangall,mrangallhu@bloglines.com,Bigender,27.77.53.242
644,Shayne,Mingauld,smingauldhv@washington.edu,Female,254.93.151.250
645,Noel,Manwaring,nmanwaringhw@who.int,Male,4.57.249.36
646,Riki,Domanek,rdomanekhx@spiegel.de,Female,218.221.44.171
647,Gerti,Crispe,gcrispehy@unc.edu,Female,81.96.243.115
648,Trstram,Craigmyle,tcraigmylehz@dagondesign.com,Male,90.103.178.6
649,Dodie,Daly,ddalyi0@studiopress.com,Female,118.191.50.88
650,Steffie,Devorill,sdevorilli1@parallels.com,Female,139.85.110.90
651,Phil,Courtin,pcourtini2@i2i.jp,Female,156.81.13.144
652,Troy,Pashby,tpashbyi3@opera.com,Male,71.138.27.8
653,Rowan,Jeskin,rjeskini4@sohu.com,Male,142.33.160.191
654,Colby,Nealon,cnealoni5@smh.com.au,Male,169.75.111.183
655,Stanislaw,Kennady,skennadyi6@domainmarket.com,Bigender,23.131.223.104
656,Jemmie,Conaboy,jconaboyi7@omniture.com,Female,45.31.228.54
657,Flossie,Raithmill,fraithmilli8@google.com,Female,67.188.174.153
658,Jemima,Galier,jgalieri9@quantcast.com,Female,120.63.174.185
659,Mart,Rash,mrashia@google.com,Male,196.12.119.89
660,Daloris,Folkerts,dfolkertsib@networkadvertising.org,Female,41.140.28.150
661,Ilario,Lapworth,ilapworthic@t-online.de,Male,89.40.47.205
662,Tadd,Youthead,tyoutheadid@cornell.edu,Male,25.217.97.45
663,Whitney,Baulcombe,wbaulcombeie@people.com.cn,Male,179.214.254.166
664,Cybill,Impett,cimpettif@wufoo.com,Female,151.123.127.197
665,Archibaldo,McMahon,amcmahonig@cbsnews.com,Male,200.36.223.129
666,Lorna,Proske,lproskeih@edublogs.org,Bigender,173.3.160.252
667,Portia,MacAdam,pmacadamii@pagesperso-orange.fr,Female,9.16.213.196
668,Gertruda,Boyne,gboyneij@godaddy.com,Female,243.204.82.197
669,Rhona,Ebdon,rebdonik@unicef.org,Female,203.128.163.251
670,Charlton,Bertie,cbertieil@sohu.com,Male,239.227.156.166
671,Bil,Alvey,balveyim@123-reg.co.uk,Male,95.5.171.175
672,Cammy,Neilus,cneilusin@lycos.com,Male,98.122.136.220
673,Chrissy,Cavnor,ccavnorio@ucsd.edu,Non-binary,211.164.235.110
674,Skipp,Klimke,sklimkeip@icq.com,Male,222.74.160.167
675,Fiann,Twaite,ftwaiteiq@over-blog.com,Female,110.4.181.90
676,Marlee,Flewett,mflewettir@dyndns.org,Female,112.1.233.193
677,Agnesse,De Blasio,adeblasiois@linkedin.com,Female,51.91.59.101
678,Portia,Delgardillo,pdelgardilloit@blog.com,Female,4.55.116.67
679,Paten,Adney,padneyiu@trellian.com,Male,50.38.170.92
680,Caril,Batthew,cbatthewiv@histats.com,Female,155.42.172.85
681,Juliann,Umpleby,jumplebyiw@so-net.ne.jp,Female,231.98.55.124
682,Opal,Strodder,ostrodderix@telegraph.co.uk,Agender,145.207.34.217
683,Nichols,Slowey,nsloweyiy@163.com,Male,25.104.225.146
684,Ilario,Valentetti,ivalentettiiz@last.fm,Male,116.240.10.25
685,Putnem,Helliwell,phelliwellj0@accuweather.com,Male,56.9.83.85
686,Pren,De Castri,pdecastrij1@1688.com,Male,205.202.133.38
687,Willdon,Blaydon,wblaydonj2@answers.com,Male,19.25.126.114
688,Earlie,Babinski,ebabinskij3@odnoklassniki.ru,Polygender,160.124.14.77
689,Nate,Brugger,nbruggerj4@examiner.com,Male,8.144.43.62
690,Hillyer,Nortunen,hnortunenj5@mapy.cz,Male,162.144.17.20
691,Simeon,Girt,sgirtj6@google.com,Male,121.164.126.183
692,Caritta,Mackness,cmacknessj7@economist.com,Female,115.28.93.213
693,Lyon,Cooke,lcookej8@seattletimes.com,Male,52.81.59.184
694,Tucker,McFadyen,tmcfadyenj9@stanford.edu,Male,9.25.102.139
695,Clifford,Cockayne,ccockayneja@gravatar.com,Male,77.244.42.214
696,Kirbie,Bayles,kbaylesjb@blinklist.com,Female,23.187.74.59
697,Kinny,Fiennes,kfiennesjc@paginegialle.it,Male,25.65.82.103
698,Dorotea,Eaken,deakenjd@skyrock.com,Female,2.210.145.66
699,Lucina,Narey,lnareyje@hibu.com,Female,222.59.29.15
700,Dulce,Gymlett,dgymlettjf@alexa.com,Female,102.55.68.97
701,Lorianne,Petera,lpeterajg@yolasite.com,Female,179.56.128.138
702,Clemmie,Bernardino,cbernardinojh@netlog.com,Male,116.212.82.136
703,Reeba,Furley,rfurleyji@mtv.com,Female,52.226.240.56
704,Remington,Seagrove,rseagrovejj@census.gov,Male,18.119.196.163
705,Henka,Grimes,hgrimesjk@ameblo.jp,Female,159.27.235.72
706,Marieann,Beddon,mbeddonjl@cnet.com,Female,53.7.117.63
707,Teddie,Le Surf,tlesurfjm@woothemes.com,Female,207.54.136.67
708,Shalom,Lilleyman,slilleymanjn@biblegateway.com,Male,166.159.8.207
709,Rochell,Guillain,rguillainjo@berkeley.edu,Female,162.212.188.84
710,Sylvan,Wyeld,swyeldjp@craigslist.org,Male,253.58.245.200
711,Twila,Snalham,tsnalhamjq@google.com,Female,37.110.52.109
712,Gaelan,Hollibone,ghollibonejr@globo.com,Polygender,235.197.164.137
713,Demetrius,Alford,dalfordjs@state.tx.us,Male,179.89.0.246
714,Maxie,Santori,msantorijt@guardian.co.uk,Male,28.179.163.158
715,Terrill,Jumel,tjumelju@blog.com,Male,96.190.111.175
716,Ewart,Carlton,ecarltonjv@foxnews.com,Male,69.103.174.41
717,Giana,Stiffkins,gstiffkinsjw@naver.com,Female,94.251.211.57
718,Emma,Raybould,eraybouldjx@topsy.com,Female,253.50.68.27
719,Borg,Shakespear,bshakespearjy@amazon.de,Male,36.47.142.66
720,Egan,Jowitt,ejowittjz@skyrock.com,Male,206.33.161.96
721,Zorana,Deneve,zdenevek0@hao123.com,Female,62.219.4.203
722,Odette,Hiers,ohiersk1@fda.gov,Female,49.171.212.101
723,Putnem,Deavall,pdeavallk2@sourceforge.net,Male,36.193.98.10
724,Brent,Paye,bpayek3@apache.org,Male,20.9.150.94
725,Florinda,Born,fbornk4@slate.com,Female,190.122.57.200
726,Joyan,Ridsdell,jridsdellk5@theglobeandmail.com,Female,12.138.209.168
727,Ellswerth,McKelvey,emckelveyk6@issuu.com,Male,193.207.135.100
728,Debbi,Chue,dchuek7@spiegel.de,Female,105.88.176.134
729,Abagail,Lazenby,alazenbyk8@reference.com,Female,189.218.46.5
730,Hollie,Douris,hdourisk9@scientificamerican.com,Female,71.215.234.89
731,Nora,Moralee,nmoraleeka@parallels.com,Female,11.42.163.142
732,Skell,Purcer,spurcerkb@usatoday.com,Male,173.231.58.53
733,Marlon,Minett,mminettkc@tamu.edu,Male,88.127.56.246
734,Madeline,De La Haye,mdelahayekd@zdnet.com,Female,52.222.204.160
735,Atlanta,Jesper,ajesperke@usatoday.com,Female,135.108.127.78
736,Hyacinth,Bonniface,hbonnifacekf@nasa.gov,Female,89.45.129.24
737,Case,McArdle,cmcardlekg@twitpic.com,Genderfluid,61.239.137.209
738,Dina,Gillison,dgillisonkh@mozilla.org,Polygender,140.239.137.247
739,Quent,Kumar,qkumarki@chronoengine.com,Male,65.139.3.86
740,Gena,Fiander,gfianderkj@free.fr,Female,226.188.107.77
741,Rosella,Dell,rdellkk@arstechnica.com,Female,2.33.10.83
742,Gerik,Carty,gcartykl@e-recht24.de,Male,231.60.124.22
743,Ulick,Aucott,uaucottkm@cbslocal.com,Male,86.174.243.207
744,Tanitansy,St Angel,tstangelkn@newsvine.com,Female,0.195.212.202
745,Griz,Goodinson,ggoodinsonko@salon.com,Male,183.217.224.162
746,Herc,Bricket,hbricketkp@wordpress.com,Male,140.187.122.103
747,Paulita,Brantl,pbrantlkq@nature.com,Female,93.29.81.170
748,Vergil,Dukes,vdukeskr@deviantart.com,Male,187.198.23.181
749,Brena,Domenc,bdomencks@xing.com,Female,102.196.204.69
750,Annadiana,Ciabatteri,aciabatterikt@eventbrite.com,Female,207.32.50.142
751,Jessica,Onthank,jonthankku@facebook.com,Female,144.40.166.248
752,Myer,Relton,mreltonkv@tiny.cc,Male,11.210.180.34
753,Donia,Simoncini,dsimoncinikw@vistaprint.com,Female,245.144.3.223
754,Kain,Woodrow,kwoodrowkx@addtoany.com,Male,199.58.214.99
755,Jarvis,Longford,jlongfordky@usgs.gov,Male,102.227.11.176
756,Creighton,Baldick,cbaldickkz@guardian.co.uk,Male,153.127.140.102
757,Putnam,Wallenger,pwallengerl0@github.com,Male,254.191.236.195
758,Rebeka,Nagle,rnaglel1@weather.com,Female,47.75.23.59
759,Corbin,Biernat,cbiernatl2@wunderground.com,Male,18.37.145.58
760,Syd,Switland,sswitlandl3@wunderground.com,Male,71.138.50.198
761,Wit,Wisniewski,wwisniewskil4@exblog.jp,Male,63.90.9.198
762,Lita,Tebbe,ltebbel5@xrea.com,Female,16.2.233.101
763,Cart,Jandera,cjanderal6@techcrunch.com,Male,138.177.218.161
764,Vidovic,Keeling,vkeelingl7@nationalgeographic.com,Male,185.179.184.35
765,Eddi,Penwarden,epenwardenl8@newsvine.com,Female,141.146.24.163
766,Tandie,Frill,tfrilll9@simplemachines.org,Female,185.193.109.167
767,Trudy,Wheble,twheblela@instagram.com,Female,161.248.208.234
768,Barbi,Acres,bacreslb@hubpages.com,Female,123.121.204.7
769,Louie,Clulow,lclulowlc@google.fr,Male,113.226.52.156
770,Sayre,Gover,sgoverld@1und1.de,Male,157.202.249.174
771,Towny,Behrendsen,tbehrendsenle@about.com,Male,230.37.203.81
772,Claudell,Josifovitz,cjosifovitzlf@rediff.com,Male,210.116.221.25
773,Alika,Wheater,awheaterlg@google.de,Female,93.213.235.9
774,Pall,Borg-Bartolo,pborgbartololh@nationalgeographic.com,Male,238.141.163.218
775,Cchaddie,Binyon,cbinyonli@dion.ne.jp,Male,4.122.120.48
776,Durant,Rummin,drumminlj@twitpic.com,Bigender,203.126.203.27
777,Lewie,Ramsbottom,lramsbottomlk@blogs.com,Male,245.68.240.124
778,Carla,Pohling,cpohlingll@ustream.tv,Female,51.102.6.194
779,Russ,Lyptrade,rlyptradelm@spiegel.de,Male,25.56.61.162
780,Orrin,Skillitt,oskillittln@tuttocitta.it,Male,16.90.245.81
781,Grazia,Simpkins,gsimpkinslo@moonfruit.com,Female,135.110.24.62
782,Judith,Ilive,jilivelp@harvard.edu,Female,119.118.214.193
783,Shena,Tweedle,stweedlelq@unc.edu,Female,143.208.25.127
784,Nan,Hitschke,nhitschkelr@cafepress.com,Female,131.118.245.183
785,Brinna,Lismer,blismerls@npr.org,Female,145.13.152.111
786,Ulises,Bardwall,ubardwalllt@mayoclinic.com,Male,180.179.71.206
787,Donn,Marder,dmarderlu@i2i.jp,Genderqueer,44.75.254.99
788,Estele,Davidzon,edavidzonlv@home.pl,Female,94.156.245.33
789,Orland,Connal,oconnallw@ibm.com,Male,41.223.35.158
790,Francisco,Lowder,flowderlx@shop-pro.jp,Genderfluid,141.5.240.135
791,Darby,Drohane,ddrohanely@japanpost.jp,Polygender,72.4.130.1
792,Ashla,Mellish,amellishlz@creativecommons.org,Female,50.46.252.44
793,Andras,Bradley,abradleym0@twitpic.com,Male,157.129.42.124
794,Mirella,Spinks,mspinksm1@gizmodo.com,Female,129.166.118.15
795,Nollie,Romke,nromkem2@google.com.br,Male,223.101.237.176
796,Kaycee,Skudder,kskudderm3@baidu.com,Female,32.221.31.160
797,Lenee,Aberdalgy,laberdalgym4@columbia.edu,Female,4.138.124.110
798,Claudius,Sconce,csconcem5@bizjournals.com,Male,110.97.112.242
799,Leonie,Ruddiman,lruddimanm6@mozilla.com,Female,11.84.254.25
800,Bastian,Cullnean,bcullneanm7@merriam-webster.com,Male,29.28.202.237
801,Shannan,Pearce,spearcem8@hc360.com,Male,156.54.79.118
802,Ninetta,Schuler,nschulerm9@webmd.com,Female,76.164.18.174
803,Ariana,Dumini,aduminima@squarespace.com,Female,214.188.30.93
804,Mariya,Grief,mgriefmb@mlb.com,Female,169.214.218.77
805,Alvera,Darmody,adarmodymc@boston.com,Female,161.38.142.153
806,Flem,Ailmer,failmermd@oracle.com,Male,99.238.170.145
807,Whitney,Howarth,whowarthme@booking.com,Male,123.110.72.158
808,Pinchas,Dorey,pdoreymf@nbcnews.com,Male,174.192.88.139
809,Kevan,Devany,kdevanymg@paginegialle.it,Male,91.216.179.43
810,Matthias,Dadge,mdadgemh@ibm.com,Non-binary,174.99.79.51
811,Emma,Mattiacci,emattiaccimi@ibm.com,Female,190.243.76.255
812,Nilson,Longbone,nlongbonemj@dagondesign.com,Male,171.71.182.118
813,Ianthe,Picard,ipicardmk@shareasale.com,Female,182.47.44.140
814,Lorianne,Limbrick,llimbrickml@apple.com,Female,172.211.205.8
815,Dexter,O'Mullally,domullallymm@hostgator.com,Male,128.157.225.227
816,Shelia,Rodway,srodwaymn@army.mil,Genderfluid,96.3.117.27
817,Kaye,Ranshaw,kranshawmo@stanford.edu,Female,182.5.7.126
818,Lurleen,Twallin,ltwallinmp@vinaora.com,Female,98.215.198.56
819,Dukey,Beckinsale,dbeckinsalemq@illinois.edu,Genderfluid,198.6.204.233
820,Claudette,Meineck,cmeineckmr@imageshack.us,Non-binary,22.50.51.148
821,Garek,Elsmore,gelsmorems@plala.or.jp,Male,78.28.54.151
822,Hogan,Goundsy,hgoundsymt@hexun.com,Male,2.219.16.96
823,Chloris,Pieterick,cpieterickmu@blogs.com,Agender,87.0.45.218
824,Marjy,Whiting,mwhitingmv@jalbum.net,Female,8.34.23.3
825,Sal,Samsworth,ssamsworthmw@nifty.com,Female,164.130.47.187
826,Nikkie,Ferris,nferrismx@amazonaws.com,Female,19.123.222.36
827,Nathanil,Daldry,ndaldrymy@usda.gov,Agender,111.127.74.140
828,Georgy,Glasscoe,gglasscoemz@nasa.gov,Male,33.45.68.78
829,Brent,Dennerley,bdennerleyn0@senate.gov,Male,19.132.157.160
830,Misti,Burgoin,mburgoinn1@smh.com.au,Female,91.134.136.147
831,Muffin,Spellacy,mspellacyn2@hexun.com,Male,194.81.14.60
832,Martelle,Garralts,mgarraltsn3@tinyurl.com,Female,51.33.199.93
833,Shirlee,Deverill,sdeverilln4@twitpic.com,Female,2.111.64.252
834,Rebeca,Dallemore,rdallemoren5@china.com.cn,Female,169.212.34.96
835,Nils,Stannas,nstannasn6@mac.com,Male,151.173.124.75
836,Charmain,Bachura,cbachuran7@quantcast.com,Female,50.57.142.156
837,Justen,Sail,jsailn8@aboutads.info,Male,64.218.102.78
838,Gregorio,Bethune,gbethunen9@barnesandnoble.com,Male,97.12.222.103
839,Leann,Moylan,lmoylanna@wordpress.org,Female,114.193.250.223
840,Read,Foskett,rfoskettnb@toplist.cz,Male,87.7.64.133
841,Dorie,Lowdyane,dlowdyanenc@indiegogo.com,Female,28.229.134.126
842,Neils,Twine,ntwinend@psu.edu,Male,131.26.67.32
843,Jens,Ubsdell,jubsdellne@google.com,Male,241.51.44.2
844,Torrence,Gretton,tgrettonnf@arstechnica.com,Male,79.157.126.82
845,Allyn,Pfertner,apfertnerng@cornell.edu,Female,185.125.2.84
846,Lenard,Blackden,lblackdennh@state.gov,Male,125.24.59.177
847,Anny,Laddle,aladdleni@webeden.co.uk,Female,129.131.99.182
848,Francesca,Darrington,fdarringtonnj@ask.com,Female,241.234.126.154
849,Jonas,Pedlar,jpedlarnk@va.gov,Male,99.200.178.106
850,Kendricks,O' Lone,kolonenl@trellian.com,Agender,142.67.220.190
851,Ashli,Bosenworth,abosenworthnm@instagram.com,Non-binary,113.191.132.131
852,Melicent,Birdis,mbirdisnn@unc.edu,Female,135.71.12.111
853,Josselyn,Alcide,jalcideno@hubpages.com,Female,219.213.246.55
854,Francoise,Weekly,fweeklynp@house.gov,Female,89.175.34.40
855,Eydie,Elcoate,eelcoatenq@ezinearticles.com,Female,138.130.236.209
856,Rania,Lissemore,rlissemorenr@123-reg.co.uk,Female,59.32.22.148
857,Wat,Whiteley,wwhiteleyns@chicagotribune.com,Genderfluid,230.164.125.11
858,Carley,Gartsyde,cgartsydent@weibo.com,Female,85.71.175.24
859,Tommy,Mosen,tmosennu@msn.com,Male,136.90.225.47
860,Bartholomeo,Webster,bwebsternv@bizjournals.com,Male,132.194.22.66
861,Bria,Millbank,bmillbanknw@sogou.com,Female,158.65.179.14
862,Belinda,Tinton,btintonnx@paypal.com,Female,98.251.143.147
863,Baron,Grestie,bgrestieny@nsw.gov.au,Male,113.184.203.247
864,Saba,Domenichini,sdomenichininz@networkadvertising.org,Female,163.41.74.210
865,Ainslie,Gaddie,agaddieo0@opera.com,Female,214.97.219.255
866,Durante,Feary,dfearyo1@pinterest.com,Male,164.207.81.176
867,Claretta,Rulten,crulteno2@hp.com,Female,143.96.17.9
868,Concordia,Trayte,ctrayteo3@fotki.com,Female,199.70.121.102
869,Evin,Castles,ecastleso4@alibaba.com,Male,145.211.17.23
870,Rebecka,Dobbings,rdobbingso5@jimdo.com,Female,205.221.245.54
871,Jacquette,Semmence,jsemmenceo6@cmu.edu,Female,180.1.218.89
872,Marieann,Rounsivall,mrounsivallo7@domainmarket.com,Female,155.176.37.79
873,Doyle,Gummary,dgummaryo8@npr.org,Male,129.140.232.252
874,Bryna,Scandred,bscandredo9@ycombinator.com,Female,255.98.73.131
875,Violetta,Mercy,vmercyoa@ocn.ne.jp,Female,47.197.228.19
876,Adriaens,Veryan,averyanob@wsj.com,Female,65.232.60.139
877,Barnie,Flarity,bflarityoc@miitbeian.gov.cn,Male,15.94.210.7
878,Muffin,Keningley,mkeningleyod@dmoz.org,Male,113.85.232.173
879,Ursola,Ivashchenko,uivashchenkooe@4shared.com,Female,75.209.74.182
880,Roselle,Wastling,rwastlingof@webnode.com,Female,79.189.159.79
881,Eydie,Dimeloe,edimeloeog@reuters.com,Genderqueer,229.77.59.54
882,Jenica,Pottery,jpotteryoh@intel.com,Agender,184.176.90.43
883,Poppy,Blackwell,pblackwelloi@slideshare.net,Genderqueer,8.151.3.139
884,Marshall,Maydwell,mmaydwelloj@sciencedirect.com,Male,135.218.221.4
885,Emmey,Ragg,eraggok@last.fm,Female,237.236.94.32
886,Keary,Siddaley,ksiddaleyol@imgur.com,Male,254.244.130.204
887,Sissy,Bathoe,sbathoeom@netscape.com,Female,194.143.111.237
888,Harrie,Crack,hcrackon@oracle.com,Female,183.87.254.9
889,Trumaine,Tuddall,ttuddalloo@goo.gl,Male,142.224.104.224
890,Filippa,Gaiter,fgaiterop@cam.ac.uk,Female,145.43.131.143
891,Kele,Southan,ksouthanoq@sciencedirect.com,Male,173.119.11.212
892,Decca,Spriggen,dspriggenor@printfriendly.com,Male,183.99.23.136
893,Sarine,Neachell,sneachellos@eventbrite.com,Agender,10.147.121.190
894,Claire,Simeons,csimeonsot@feedburner.com,Female,213.3.101.160
895,Curtice,Althorpe,calthorpeou@addtoany.com,Male,94.66.199.199
896,Olenolin,Tregian,otregianov@storify.com,Male,230.188.29.170
897,Rozalie,Dollen,rdollenow@vkontakte.ru,Female,226.142.112.92
898,Laurie,Behling,lbehlingox@wikispaces.com,Female,243.134.52.67
899,Brnaba,Mattheissen,bmattheissenoy@tripadvisor.com,Male,162.144.186.20
900,Johan,Martinek,jmartinekoz@amazon.de,Male,43.234.72.31
901,Bryana,Shambrooke,bshambrookep0@thetimes.co.uk,Female,203.3.175.82
902,Maddie,O'Scully,moscullyp1@telegraph.co.uk,Female,94.245.123.157
903,Guillaume,Groves,ggrovesp2@pen.io,Male,81.21.57.123
904,Goober,Wince,gwincep3@google.pl,Male,183.205.164.189
905,Linea,Chetham,lchethamp4@wufoo.com,Female,43.245.40.159
906,Cull,Magson,cmagsonp5@behance.net,Male,232.15.198.40
907,Ingram,Trye,itryep6@craigslist.org,Male,239.190.148.25
908,Vladimir,Beavon,vbeavonp7@jalbum.net,Male,123.136.245.125
909,Konstanze,Frostick,kfrostickp8@weebly.com,Female,89.36.173.97
910,Shaughn,Metterick,smetterickp9@flickr.com,Male,175.81.172.54
911,Valeria,Scrancher,vscrancherpa@theglobeandmail.com,Female,35.41.235.154
912,Mareah,Cumine,mcuminepb@soundcloud.com,Female,215.11.73.16
913,Stearne,Jossel,sjosselpc@smugmug.com,Male,237.35.191.116
914,Coral,Bulcock,cbulcockpd@slate.com,Female,7.215.220.175
915,Gary,Wenderoth,gwenderothpe@homestead.com,Male,147.156.25.142
916,Lyndsey,Fouch,lfouchpf@gmpg.org,Female,47.117.223.49
917,Damita,Berntsson,dberntssonpg@buzzfeed.com,Female,88.200.190.162
918,Stoddard,Darnbrook,sdarnbrookph@xinhuanet.com,Female,137.19.249.26
919,Tyler,Autin,tautinpi@nymag.com,Male,132.250.170.153
920,Jobey,Hinkens,jhinkenspj@comcast.net,Female,183.168.255.227
921,Wildon,Weekes,wweekespk@theglobeandmail.com,Male,119.179.230.8
922,Dickie,Euplate,deuplatepl@prlog.org,Male,120.188.151.128
923,Viole,Leads,vleadspm@live.com,Female,126.25.233.78
924,Jarad,Hinz,jhinzpn@usa.gov,Male,104.54.122.217
925,Miranda,Chastan,mchastanpo@time.com,Female,44.103.209.157
926,Mariellen,Pawlata,mpawlatapp@flavors.me,Female,219.75.173.110
927,Korie,Valentin,kvalentinpq@cocolog-nifty.com,Female,218.43.235.5
928,Clarance,Wildes,cwildespr@t.co,Male,33.45.180.41
929,Myrtle,Ocheltree,mocheltreeps@miitbeian.gov.cn,Female,212.60.27.85
930,Willa,Gunston,wgunstonpt@yahoo.co.jp,Female,224.62.41.165
931,Joni,Dibbert,jdibbertpu@paypal.com,Female,91.11.24.251
932,Emmi,Manoelli,emanoellipv@hostgator.com,Female,46.64.41.85
933,Sayer,Tordiffe,stordiffepw@globo.com,Male,235.56.153.61
934,Zuzana,Evered,zeveredpx@toplist.cz,Female,79.160.20.129
935,Doralyn,Kevern,dkevernpy@friendfeed.com,Female,151.45.104.137
936,Adam,Calwell,acalwellpz@sbwire.com,Male,129.155.130.99
937,Viki,Clutton,vcluttonq0@businessweek.com,Agender,4.123.87.60
938,Angeli,Hubbold,ahubboldq1@amazon.co.jp,Male,38.95.234.187
939,Mic,Molden,mmoldenq2@mozilla.com,Male,104.179.111.136
940,Devonne,Craney,dcraneyq3@alibaba.com,Female,46.44.54.41
941,Nicolle,Syncke,nsynckeq4@springer.com,Female,24.123.49.247
942,Duke,McBean,dmcbeanq5@geocities.com,Male,21.234.150.205
943,Kennie,Isselee,kisseleeq6@bloomberg.com,Genderfluid,209.61.10.168
944,Gerianne,McMichan,gmcmichanq7@artisteer.com,Non-binary,250.72.193.161
945,Randee,Cunniam,rcunniamq8@home.pl,Genderfluid,241.254.197.85
946,Carny,Qualtro,cqualtroq9@dagondesign.com,Male,201.56.2.174
947,Minda,Edison,medisonqa@uol.com.br,Female,128.196.2.190
948,Susann,Korneichuk,skorneichukqb@mozilla.org,Female,167.211.80.133
949,Bren,Bagley,bbagleyqc@ebay.com,Male,17.98.3.2
950,Rolland,Shovel,rshovelqd@wix.com,Polygender,7.19.157.125
951,Hilda,Worsnap,hworsnapqe@indiegogo.com,Female,43.96.69.195
952,Monroe,Salmon,msalmonqf@moonfruit.com,Male,14.133.199.174
953,Happy,McMonies,hmcmoniesqg@imdb.com,Female,234.191.80.135
954,Tristan,Capinetti,tcapinettiqh@patch.com,Male,150.152.182.4
955,Austina,Fantin,afantinqi@twitpic.com,Female,28.148.30.65
956,Bert,Humbles,bhumblesqj@goo.gl,Male,66.79.253.194
957,Zea,Philler,zphillerqk@cargocollective.com,Female,239.56.118.200
958,Maude,Swaffer,mswafferql@feedburner.com,Female,30.122.158.160
959,Tripp,Dafydd,tdafyddqm@jimdo.com,Male,199.29.177.70
960,Adelaida,Hentze,ahentzeqn@gravatar.com,Female,2.160.10.151
961,Madelon,Spreadbury,mspreadburyqo@networkadvertising.org,Female,190.162.162.67
962,Ula,Bertolaccini,ubertolacciniqp@hatena.ne.jp,Female,224.95.147.178
963,Joann,Trodd,jtroddqq@spotify.com,Female,244.26.230.144
964,Franzen,Iredell,firedellqr@google.co.uk,Male,69.57.0.114
965,Moria,Lewerenz,mlewerenzqs@latimes.com,Female,52.213.135.246
966,Roselin,Gisborne,rgisborneqt@chron.com,Female,253.234.170.255
967,Weylin,Dyton,wdytonqu@icq.com,Male,250.231.25.213
968,Jaymie,Curnow,jcurnowqv@t-online.de,Male,27.1.167.57
969,Ricca,Skermer,rskermerqw@4shared.com,Female,202.52.213.202
970,Tannie,McKeney,tmckeneyqx@gmpg.org,Male,85.47.8.14
971,Hesther,Lyddiard,hlyddiardqy@berkeley.edu,Female,92.158.35.119
972,Giraldo,Rayer,grayerqz@fema.gov,Male,44.37.254.96
973,Frederick,Haig,fhaigr0@mtv.com,Male,238.101.33.176
974,Lanie,Dickons,ldickonsr1@is.gd,Male,123.76.85.5
975,Keely,Barbery,kbarberyr2@irs.gov,Female,244.99.216.62
976,Pippa,Yannikov,pyannikovr3@squarespace.com,Female,20.159.4.159
977,Sidnee,O'Siaghail,sosiaghailr4@shop-pro.jp,Genderfluid,141.140.12.80
978,Elfrieda,Danovich,edanovichr5@ask.com,Female,14.213.216.191
979,Roze,Stonhewer,rstonhewerr6@reuters.com,Female,2.208.48.229
980,Tabitha,Northwood,tnorthwoodr7@about.com,Female,191.141.178.238
981,Elsbeth,Golborn,egolbornr8@addtoany.com,Female,200.81.151.136
982,Bronny,Burrows,bburrowsr9@odnoklassniki.ru,Male,233.90.62.234
983,Carrie,Butrimovich,cbutrimovichra@theglobeandmail.com,Female,205.40.125.243
984,Norina,Zimmermeister,nzimmermeisterrb@ucsd.edu,Female,217.249.199.156
985,Glendon,Tollerfield,gtollerfieldrc@pagesperso-orange.fr,Male,50.52.255.6
986,Kristos,Bartalot,kbartalotrd@ocn.ne.jp,Male,99.134.7.53
987,Patsy,Kittow,pkittowre@geocities.jp,Female,132.19.179.73
988,Sibyl,Leydon,sleydonrf@yahoo.co.jp,Male,76.130.13.19
989,Byrann,Linturn,blinturnrg@shinystat.com,Male,253.40.28.121
990,Colman,Considine,cconsidinerh@goo.ne.jp,Male,175.137.152.8
991,Devi,Gaiford,dgaifordri@youku.com,Genderfluid,48.196.253.194
992,Blinni,Brick,bbrickrj@sogou.com,Female,214.243.166.182
993,Iona,Miranda,imirandark@php.net,Female,130.231.91.55
994,Vite,Creswell,vcreswellrl@yellowpages.com,Male,63.88.0.222
995,Christabella,Veitch,cveitchrm@homestead.com,Female,43.190.120.230
996,Zorah,Dood,zdoodrn@cisco.com,Female,70.19.45.224
997,Joshia,Thacke,jthackero@etsy.com,Male,164.115.104.211
998,Silvanus,Willingale,swillingalerp@intel.com,Male,171.97.153.202
999,Derril,Du Fray,ddufrayrq@deliciousdays.com,Male,146.44.89.86
1000,Berkley,Cullon,bcullonrr@cargocollective.com,Male,185.73.51.92
